<?xml version="1.0" encoding="utf-8" ?>
<Defs>

	<RecipeDef Abstract="True" Name="SurgeryFilter">
		<effectWorking>Surgery</effectWorking>
		<soundWorking>Recipe_Surgery</soundWorking>
		<workSpeedStat>MedicalOperationSpeed</workSpeedStat>
		<workSkill>Medicine</workSkill>
		<workSkillLearnFactor>16</workSkillLearnFactor>
	</RecipeDef>
	
	<RecipeDef ParentName="SurgeryFilter">
		<surgerySuccessChanceFactor>0.99</surgerySuccessChanceFactor>
		<deathOnFailedSurgeryChance>0.01</deathOnFailedSurgeryChance>
		<workerClass>Recipe_InstallImplant</workerClass>
		<workAmount>1500</workAmount>
		<dontShowIfAnyIngredientMissing>true</dontShowIfAnyIngredientMissing>
		<recipeUsers>
			<li>Human</li>
		</recipeUsers>
		<defName>InstallGlitterFilter</defName>
		<label>install glitter filter</label>
		<description>Installs glitter filter.</description>
		<jobString>Installing glitter filter.</jobString>
		<ingredients>
			<li>
				<filter>
					<categories>
						<li>Medicine</li>
					</categories>
				</filter>
				<count>1</count>
			</li>
			<li>
				<filter>
					<thingDefs>
						<li>Apparel_GlitterFilter</li>
					</thingDefs>
				</filter>
				<count>1</count>
			</li>
		</ingredients>
		<fixedIngredientFilter>
			<categories>
				<li>Medicine</li>
			</categories>
			<thingDefs>
				<li>Apparel_GlitterFilter</li>
			</thingDefs>
		</fixedIngredientFilter>
		<appliedOnFixedBodyParts>
			<li>Neck</li> 
		</appliedOnFixedBodyParts>
		<addsHediff>GlitterFilter</addsHediff>
	</RecipeDef>


</Defs>